{"stats":{"minecraft:custom":{"minecraft:interact_with_furnace":14,"minecraft:mob_kills":31,"minecraft:interact_with_crafting_table":8,"minecraft:play_one_minute":75479,"minecraft:leave_game":4,"minecraft:time_since_death":46226,"minecraft:sleep_in_bed":1,"minecraft:climb_one_cm":798,"minecraft:time_since_rest":28320,"minecraft:sprint_one_cm":216392,"minecraft:damage_taken":1808,"minecraft:walk_one_cm":95568,"minecraft:drop":11,"minecraft:damage_dealt":3868,"minecraft:talked_to_villager":3,"minecraft:swim_one_cm":25988,"minecraft:fly_one_cm":219714,"minecraft:player_kills":1,"minecraft:open_chest":9,"minecraft:crouch_one_cm":4642,"minecraft:deaths":3,"minecraft:sneak_time":1512,"minecraft:walk_under_water_one_cm":7453,"minecraft:jump":1407,"minecraft:walk_on_water_one_cm":10408,"minecraft:fall_one_cm":33606},"minecraft:dropped":{"minecraft:oak_log":2,"minecraft:birch_sapling":1,"minecraft:feather":21,"minecraft:cooked_mutton":3,"minecraft:wooden_axe":1,"minecraft:paper":1,"minecraft:white_wool":1},"minecraft:picked_up":{"minecraft:wooden_axe":1,"minecraft:birch_log":8,"minecraft:crafting_table":8,"minecraft:feather":25,"minecraft:chicken":4,"minecraft:salmon":10,"minecraft:wooden_pickaxe":4,"minecraft:enchanted_book":1,"minecraft:diamond_horse_armor":1,"minecraft:oak_log":12,"minecraft:gunpowder":2,"minecraft:dirt":81,"minecraft:string":2,"minecraft:cooked_salmon":3,"minecraft:bone":27,"minecraft:apple":1,"minecraft:stone_pickaxe":2,"minecraft:iron_ore":2,"minecraft:sugar_cane":62,"minecraft:birch_sapling":6,"minecraft:oak_planks":16,"minecraft:furnace":2,"minecraft:stick":10,"minecraft:sweet_berries":17,"minecraft:porkchop":3,"minecraft:ink_sac":2,"minecraft:white_bed":1,"minecraft:stone_sword":2,"minecraft:arrow":3,"minecraft:rotten_flesh":17,"minecraft:stone_axe":2,"minecraft:oak_sapling":2,"minecraft:mutton":14,"minecraft:coal":60,"minecraft:white_wool":5,"minecraft:cobblestone":44},"minecraft:killed":{"minecraft:pig":1,"minecraft:salmon":9,"minecraft:creeper":1,"minecraft:sheep":4,"minecraft:skeleton":2,"minecraft:zombie":8,"minecraft:chicken":4,"minecraft:drowned":1},"minecraft:crafted":{"minecraft:oak_planks":40,"minecraft:crafting_table":1,"minecraft:wooden_pickaxe":2,"minecraft:cooked_chicken":2,"minecraft:furnace":1,"minecraft:cooked_salmon":5,"minecraft:birch_planks":32,"minecraft:stone_axe":1,"minecraft:cooked_mutton":5,"minecraft:air":0,"minecraft:shield":1,"minecraft:stick":16,"minecraft:iron_ingot":1,"minecraft:stone_pickaxe":1,"minecraft:stone_sword":1,"minecraft:white_bed":1},"minecraft:mined":{"minecraft:white_bed":1,"minecraft:crafting_table":6,"minecraft:cobblestone":1,"minecraft:spruce_leaves":1,"minecraft:sugar_cane":9,"minecraft:furnace":2,"minecraft:birch_log":6,"minecraft:birch_leaves":2,"minecraft:grass":1,"minecraft:oak_log":9,"minecraft:coal_ore":43,"minecraft:dirt":1,"minecraft:stone":18,"minecraft:oak_leaves":12},"minecraft:killed_by":{"minecraft:creeper":1,"minecraft:zombie":2},"minecraft:used":{"minecraft:stone_sword":67,"minecraft:stone_pickaxe":48,"minecraft:oak_planks":21,"minecraft:wooden_pickaxe":37,"minecraft:cooked_salmon":5,"minecraft:cooked_chicken":2,"minecraft:rotten_flesh":9,"minecraft:dirt":38,"minecraft:crafting_table":4,"minecraft:white_bed":1,"minecraft:apple":1,"minecraft:bread":4,"minecraft:birch_sapling":1,"minecraft:stone_axe":15,"minecraft:cobblestone":9,"minecraft:sweet_berries":17,"minecraft:furnace":2,"minecraft:egg":1}},"DataVersion":2230}