{"stats":{"minecraft:custom":{"minecraft:interact_with_furnace":4,"minecraft:mob_kills":11,"minecraft:interact_with_crafting_table":10,"minecraft:play_one_minute":71496,"minecraft:interact_with_campfire":1,"minecraft:leave_game":1,"minecraft:time_since_death":38416,"minecraft:sleep_in_bed":4,"minecraft:climb_one_cm":1277,"minecraft:time_since_rest":28956,"minecraft:sprint_one_cm":132705,"minecraft:damage_taken":1510,"minecraft:walk_one_cm":148508,"minecraft:drop":27,"minecraft:damage_dealt":2018,"minecraft:swim_one_cm":32653,"minecraft:talked_to_villager":15,"minecraft:fly_one_cm":108386,"minecraft:open_chest":14,"minecraft:crouch_one_cm":1120,"minecraft:deaths":4,"minecraft:sneak_time":359,"minecraft:walk_under_water_one_cm":9439,"minecraft:jump":946,"minecraft:walk_on_water_one_cm":16682,"minecraft:fall_one_cm":17982},"minecraft:dropped":{"minecraft:porkchop":1,"minecraft:birch_planks":11,"minecraft:feather":10,"minecraft:cobblestone":9,"minecraft:iron_ore":2,"minecraft:white_wool":3,"minecraft:bone":16},"minecraft:picked_up":{"minecraft:wooden_axe":3,"minecraft:crafting_table":3,"minecraft:feather":17,"minecraft:chicken":3,"minecraft:wooden_pickaxe":4,"minecraft:birch_planks":56,"minecraft:diamond_horse_armor":3,"minecraft:oak_log":29,"minecraft:dirt":16,"minecraft:string":2,"minecraft:cooked_salmon":3,"minecraft:cooked_mutton":3,"minecraft:bone":37,"minecraft:stone_pickaxe":3,"minecraft:cooked_chicken":1,"minecraft:iron_ore":6,"minecraft:birch_sapling":2,"minecraft:oak_planks":4,"minecraft:egg":3,"minecraft:stick":28,"minecraft:sweet_berries":31,"minecraft:porkchop":6,"minecraft:ink_sac":1,"minecraft:stone_sword":4,"minecraft:rotten_flesh":6,"minecraft:stone_axe":1,"minecraft:oak_sapling":10,"minecraft:mutton":7,"minecraft:coal":21,"minecraft:white_wool":4,"minecraft:cobblestone":25},"minecraft:killed":{"minecraft:pig":2,"minecraft:salmon":1,"minecraft:spider":1,"minecraft:skeleton":1,"minecraft:zombie":5,"minecraft:chicken":1},"minecraft:mined":{"minecraft:crafting_table":2,"minecraft:spruce_leaves":8,"minecraft:birch_sapling":1,"minecraft:iron_ore":3,"minecraft:sweet_berry_bush":12,"minecraft:grass_path":1,"minecraft:grass":2,"minecraft:oak_log":13,"minecraft:coal_ore":17,"minecraft:dirt":9,"minecraft:stone":13,"minecraft:oak_leaves":4},"minecraft:crafted":{"minecraft:oak_planks":28,"minecraft:crafting_table":4,"minecraft:wooden_pickaxe":2,"minecraft:shield":1,"minecraft:stick":8,"minecraft:iron_ingot":1,"minecraft:stone_pickaxe":2,"minecraft:wooden_axe":1,"minecraft:stone_sword":2,"minecraft:torch":12},"minecraft:killed_by":{"minecraft:player":1,"minecraft:skeleton":1,"minecraft:drowned":1},"minecraft:used":{"minecraft:cooked_mutton":3,"minecraft:stone_sword":69,"minecraft:stone_pickaxe":19,"minecraft:wooden_pickaxe":25,"minecraft:cooked_chicken":1,"minecraft:torch":2,"minecraft:dirt":8,"minecraft:crafting_table":6,"minecraft:wooden_axe":16,"minecraft:cobblestone":3,"minecraft:sweet_berries":22}},"DataVersion":2230}